<?xml version="1.0" encoding="UTF-8"?>

<!DOCTYPE hibernate-configuration PUBLIC
	"-//Hibernate/Hibernate Configuration DTD 3.0//EN"
	"http://www.hibernate.org/dtd/hibernate-configuration-3.0.dtd">
	
	<hibernate-configuration>
	<session-factory>
	<property name="hbm2ddl.auto">update</property>
	<property name="connection.username">root</property>
	<property name="connection.password">Jay78@devare</property>
	<property name="connection.url">jdbc:mysql://localhost:3306/db2</property>
	<property name="driver_class">com.mysql.cj.jdbc.Driver</property>
	<property name="show_sql">true</property>
	<property name="dialect">org.hibernate.dialect.MySQLDialect</property>
	</session-factory>
	</hibernate-configuration>